DATAFLOW,LAST UPDATE,freq,unit,nace_r2,na_item,geo,TIME_PERIOD,OBS_VALUE,OBS_FLAG
ESTAT:NAMA_10_A10_E(1.0),25/08/22 23:00:00,A,THS_PER,B-E,EMP_DC,CZ,1995,1541.60,
ESTAT:NAMA_10_A10_E(1.0),25/08/22 23:00:00,A,THS_PER,B-E,EMP_DC,CZ,1996,1611.21,
ESTAT:NAMA_10_A10_E(1.0),25/08/22 23:00:00,A,THS_PER,B-E,EMP_DC,CZ,1997,1613.99,
ESTAT:NAMA_10_A10_E(1.0),25/08/22 23:00:00,A,THS_PER,B-E,EMP_DC,CZ,1998,1587.59,
ESTAT:NAMA_10_A10_E(1.0),25/08/22 23:00:00,A,THS_PER,B-E,EMP_DC,CZ,1999,1514.52,
ESTAT:NAMA_10_A10_E(1.0),25/08/22 23:00:00,A,THS_PER,B-E,EMP_DC,CZ,2000,1479.98,
ESTAT:NAMA_10_A10_E(1.0),25/08/22 23:00:00,A,THS_PER,B-E,EMP_DC,CZ,2001,1483.00,
ESTAT:NAMA_10_A10_E(1.0),25/08/22 23:00:00,A,THS_PER,B-E,EMP_DC,CZ,2002,1477.40,
ESTAT:NAMA_10_A10_E(1.0),25/08/22 23:00:00,A,THS_PER,B-E,EMP_DC,CZ,2003,1426.57,
ESTAT:NAMA_10_A10_E(1.0),25/08/22 23:00:00,A,THS_PER,B-E,EMP_DC,CZ,2004,1439.38,
ESTAT:NAMA_10_A10_E(1.0),25/08/22 23:00:00,A,THS_PER,B-E,EMP_DC,CZ,2005,1477.89,
ESTAT:NAMA_10_A10_E(1.0),25/08/22 23:00:00,A,THS_PER,B-E,EMP_DC,CZ,2006,1484.97,
ESTAT:NAMA_10_A10_E(1.0),25/08/22 23:00:00,A,THS_PER,B-E,EMP_DC,CZ,2007,1525.86,
ESTAT:NAMA_10_A10_E(1.0),25/08/22 23:00:00,A,THS_PER,B-E,EMP_DC,CZ,2008,1541.20,
ESTAT:NAMA_10_A10_E(1.0),25/08/22 23:00:00,A,THS_PER,B-E,EMP_DC,CZ,2009,1428.68,
ESTAT:NAMA_10_A10_E(1.0),25/08/22 23:00:00,A,THS_PER,B-E,EMP_DC,CZ,2010,1379.01,
ESTAT:NAMA_10_A10_E(1.0),25/08/22 23:00:00,A,THS_PER,B-E,EMP_DC,CZ,2011,1434.88,
ESTAT:NAMA_10_A10_E(1.0),25/08/22 23:00:00,A,THS_PER,B-E,EMP_DC,CZ,2012,1442.19,
ESTAT:NAMA_10_A10_E(1.0),25/08/22 23:00:00,A,THS_PER,B-E,EMP_DC,CZ,2013,1441.29,
ESTAT:NAMA_10_A10_E(1.0),25/08/22 23:00:00,A,THS_PER,B-E,EMP_DC,CZ,2014,1461.94,
ESTAT:NAMA_10_A10_E(1.0),25/08/22 23:00:00,A,THS_PER,B-E,EMP_DC,CZ,2015,1508.96,
ESTAT:NAMA_10_A10_E(1.0),25/08/22 23:00:00,A,THS_PER,B-E,EMP_DC,CZ,2016,1541.43,
ESTAT:NAMA_10_A10_E(1.0),25/08/22 23:00:00,A,THS_PER,B-E,EMP_DC,CZ,2017,1562.46,
ESTAT:NAMA_10_A10_E(1.0),25/08/22 23:00:00,A,THS_PER,B-E,EMP_DC,CZ,2018,1575.70,
ESTAT:NAMA_10_A10_E(1.0),25/08/22 23:00:00,A,THS_PER,B-E,EMP_DC,CZ,2019,1570.38,
ESTAT:NAMA_10_A10_E(1.0),25/08/22 23:00:00,A,THS_PER,B-E,EMP_DC,CZ,2020,1515.60,
ESTAT:NAMA_10_A10_E(1.0),25/08/22 23:00:00,A,THS_PER,B-E,EMP_DC,CZ,2021,1515.62,
ESTAT:NAMA_10_A10_E(1.0),25/08/22 23:00:00,A,THS_PER,B-E,EMP_DC,DE,1991,10968.00,
ESTAT:NAMA_10_A10_E(1.0),25/08/22 23:00:00,A,THS_PER,B-E,EMP_DC,DE,1992,10155.00,
ESTAT:NAMA_10_A10_E(1.0),25/08/22 23:00:00,A,THS_PER,B-E,EMP_DC,DE,1993,9475.00,
ESTAT:NAMA_10_A10_E(1.0),25/08/22 23:00:00,A,THS_PER,B-E,EMP_DC,DE,1994,9010.00,
ESTAT:NAMA_10_A10_E(1.0),25/08/22 23:00:00,A,THS_PER,B-E,EMP_DC,DE,1995,8805.00,
ESTAT:NAMA_10_A10_E(1.0),25/08/22 23:00:00,A,THS_PER,B-E,EMP_DC,DE,1996,8585.00,
ESTAT:NAMA_10_A10_E(1.0),25/08/22 23:00:00,A,THS_PER,B-E,EMP_DC,DE,1997,8424.00,
ESTAT:NAMA_10_A10_E(1.0),25/08/22 23:00:00,A,THS_PER,B-E,EMP_DC,DE,1998,8459.00,
ESTAT:NAMA_10_A10_E(1.0),25/08/22 23:00:00,A,THS_PER,B-E,EMP_DC,DE,1999,8410.00,
ESTAT:NAMA_10_A10_E(1.0),25/08/22 23:00:00,A,THS_PER,B-E,EMP_DC,DE,2000,8475.00,
ESTAT:NAMA_10_A10_E(1.0),25/08/22 23:00:00,A,THS_PER,B-E,EMP_DC,DE,2001,8464.00,
ESTAT:NAMA_10_A10_E(1.0),25/08/22 23:00:00,A,THS_PER,B-E,EMP_DC,DE,2002,8286.00,
ESTAT:NAMA_10_A10_E(1.0),25/08/22 23:00:00,A,THS_PER,B-E,EMP_DC,DE,2003,8066.00,
ESTAT:NAMA_10_A10_E(1.0),25/08/22 23:00:00,A,THS_PER,B-E,EMP_DC,DE,2004,7954.00,
ESTAT:NAMA_10_A10_E(1.0),25/08/22 23:00:00,A,THS_PER,B-E,EMP_DC,DE,2005,7822.00,
ESTAT:NAMA_10_A10_E(1.0),25/08/22 23:00:00,A,THS_PER,B-E,EMP_DC,DE,2006,7733.00,
ESTAT:NAMA_10_A10_E(1.0),25/08/22 23:00:00,A,THS_PER,B-E,EMP_DC,DE,2007,7841.00,
ESTAT:NAMA_10_A10_E(1.0),25/08/22 23:00:00,A,THS_PER,B-E,EMP_DC,DE,2008,8023.00,
ESTAT:NAMA_10_A10_E(1.0),25/08/22 23:00:00,A,THS_PER,B-E,EMP_DC,DE,2009,7849.00,
ESTAT:NAMA_10_A10_E(1.0),25/08/22 23:00:00,A,THS_PER,B-E,EMP_DC,DE,2010,7709.00,
ESTAT:NAMA_10_A10_E(1.0),25/08/22 23:00:00,A,THS_PER,B-E,EMP_DC,DE,2011,7858.00,
ESTAT:NAMA_10_A10_E(1.0),25/08/22 23:00:00,A,THS_PER,B-E,EMP_DC,DE,2012,7989.00,
ESTAT:NAMA_10_A10_E(1.0),25/08/22 23:00:00,A,THS_PER,B-E,EMP_DC,DE,2013,8019.00,
ESTAT:NAMA_10_A10_E(1.0),25/08/22 23:00:00,A,THS_PER,B-E,EMP_DC,DE,2014,8064.00,
ESTAT:NAMA_10_A10_E(1.0),25/08/22 23:00:00,A,THS_PER,B-E,EMP_DC,DE,2015,8082.00,
ESTAT:NAMA_10_A10_E(1.0),25/08/22 23:00:00,A,THS_PER,B-E,EMP_DC,DE,2016,8103.00,
ESTAT:NAMA_10_A10_E(1.0),25/08/22 23:00:00,A,THS_PER,B-E,EMP_DC,DE,2017,8175.00,
ESTAT:NAMA_10_A10_E(1.0),25/08/22 23:00:00,A,THS_PER,B-E,EMP_DC,DE,2018,8311.00,
ESTAT:NAMA_10_A10_E(1.0),25/08/22 23:00:00,A,THS_PER,B-E,EMP_DC,DE,2019,8369.00,p
ESTAT:NAMA_10_A10_E(1.0),25/08/22 23:00:00,A,THS_PER,B-E,EMP_DC,DE,2020,8175.00,p
ESTAT:NAMA_10_A10_E(1.0),25/08/22 23:00:00,A,THS_PER,B-E,EMP_DC,DE,2021,8081.00,p
ESTAT:NAMA_10_A10_E(1.0),25/08/22 23:00:00,A,THS_PER,B-E,EMP_DC,FR,1975,5265.00,
ESTAT:NAMA_10_A10_E(1.0),25/08/22 23:00:00,A,THS_PER,B-E,EMP_DC,FR,1976,5250.00,
ESTAT:NAMA_10_A10_E(1.0),25/08/22 23:00:00,A,THS_PER,B-E,EMP_DC,FR,1977,5250.00,
ESTAT:NAMA_10_A10_E(1.0),25/08/22 23:00:00,A,THS_PER,B-E,EMP_DC,FR,1978,5199.00,
ESTAT:NAMA_10_A10_E(1.0),25/08/22 23:00:00,A,THS_PER,B-E,EMP_DC,FR,1979,5117.00,
ESTAT:NAMA_10_A10_E(1.0),25/08/22 23:00:00,A,THS_PER,B-E,EMP_DC,FR,1980,5056.00,
ESTAT:NAMA_10_A10_E(1.0),25/08/22 23:00:00,A,THS_PER,B-E,EMP_DC,FR,1981,4894.00,
ESTAT:NAMA_10_A10_E(1.0),25/08/22 23:00:00,A,THS_PER,B-E,EMP_DC,FR,1982,4817.00,
ESTAT:NAMA_10_A10_E(1.0),25/08/22 23:00:00,A,THS_PER,B-E,EMP_DC,FR,1983,4733.00,
ESTAT:NAMA_10_A10_E(1.0),25/08/22 23:00:00,A,THS_PER,B-E,EMP_DC,FR,1984,4586.00,
ESTAT:NAMA_10_A10_E(1.0),25/08/22 23:00:00,A,THS_PER,B-E,EMP_DC,FR,1985,4462.00,
ESTAT:NAMA_10_A10_E(1.0),25/08/22 23:00:00,A,THS_PER,B-E,EMP_DC,FR,1986,4377.00,
ESTAT:NAMA_10_A10_E(1.0),25/08/22 23:00:00,A,THS_PER,B-E,EMP_DC,FR,1987,4269.00,
ESTAT:NAMA_10_A10_E(1.0),25/08/22 23:00:00,A,THS_PER,B-E,EMP_DC,FR,1988,4205.00,
ESTAT:NAMA_10_A10_E(1.0),25/08/22 23:00:00,A,THS_PER,B-E,EMP_DC,FR,1989,4217.00,
ESTAT:NAMA_10_A10_E(1.0),25/08/22 23:00:00,A,THS_PER,B-E,EMP_DC,FR,1990,4221.00,
ESTAT:NAMA_10_A10_E(1.0),25/08/22 23:00:00,A,THS_PER,B-E,EMP_DC,FR,1991,4153.00,
ESTAT:NAMA_10_A10_E(1.0),25/08/22 23:00:00,A,THS_PER,B-E,EMP_DC,FR,1992,4022.00,
ESTAT:NAMA_10_A10_E(1.0),25/08/22 23:00:00,A,THS_PER,B-E,EMP_DC,FR,1993,3845.00,
ESTAT:NAMA_10_A10_E(1.0),25/08/22 23:00:00,A,THS_PER,B-E,EMP_DC,FR,1994,3755.00,
ESTAT:NAMA_10_A10_E(1.0),25/08/22 23:00:00,A,THS_PER,B-E,EMP_DC,FR,1995,3768.00,
ESTAT:NAMA_10_A10_E(1.0),25/08/22 23:00:00,A,THS_PER,B-E,EMP_DC,FR,1996,3741.00,
ESTAT:NAMA_10_A10_E(1.0),25/08/22 23:00:00,A,THS_PER,B-E,EMP_DC,FR,1997,3711.00,
ESTAT:NAMA_10_A10_E(1.0),25/08/22 23:00:00,A,THS_PER,B-E,EMP_DC,FR,1998,3711.00,
ESTAT:NAMA_10_A10_E(1.0),25/08/22 23:00:00,A,THS_PER,B-E,EMP_DC,FR,1999,3698.00,
ESTAT:NAMA_10_A10_E(1.0),25/08/22 23:00:00,A,THS_PER,B-E,EMP_DC,FR,2000,3726.00,
ESTAT:NAMA_10_A10_E(1.0),25/08/22 23:00:00,A,THS_PER,B-E,EMP_DC,FR,2001,3751.00,
ESTAT:NAMA_10_A10_E(1.0),25/08/22 23:00:00,A,THS_PER,B-E,EMP_DC,FR,2002,3689.00,
ESTAT:NAMA_10_A10_E(1.0),25/08/22 23:00:00,A,THS_PER,B-E,EMP_DC,FR,2003,3615.00,
ESTAT:NAMA_10_A10_E(1.0),25/08/22 23:00:00,A,THS_PER,B-E,EMP_DC,FR,2004,3509.00,
ESTAT:NAMA_10_A10_E(1.0),25/08/22 23:00:00,A,THS_PER,B-E,EMP_DC,FR,2005,3442.00,
ESTAT:NAMA_10_A10_E(1.0),25/08/22 23:00:00,A,THS_PER,B-E,EMP_DC,FR,2006,3384.00,
ESTAT:NAMA_10_A10_E(1.0),25/08/22 23:00:00,A,THS_PER,B-E,EMP_DC,FR,2007,3350.00,
ESTAT:NAMA_10_A10_E(1.0),25/08/22 23:00:00,A,THS_PER,B-E,EMP_DC,FR,2008,3306.00,
ESTAT:NAMA_10_A10_E(1.0),25/08/22 23:00:00,A,THS_PER,B-E,EMP_DC,FR,2009,3158.00,
ESTAT:NAMA_10_A10_E(1.0),25/08/22 23:00:00,A,THS_PER,B-E,EMP_DC,FR,2010,3033.00,
ESTAT:NAMA_10_A10_E(1.0),25/08/22 23:00:00,A,THS_PER,B-E,EMP_DC,FR,2011,3017.00,
ESTAT:NAMA_10_A10_E(1.0),25/08/22 23:00:00,A,THS_PER,B-E,EMP_DC,FR,2012,3005.00,
ESTAT:NAMA_10_A10_E(1.0),25/08/22 23:00:00,A,THS_PER,B-E,EMP_DC,FR,2013,2976.00,
ESTAT:NAMA_10_A10_E(1.0),25/08/22 23:00:00,A,THS_PER,B-E,EMP_DC,FR,2014,2962.00,
ESTAT:NAMA_10_A10_E(1.0),25/08/22 23:00:00,A,THS_PER,B-E,EMP_DC,FR,2015,2910.00,
ESTAT:NAMA_10_A10_E(1.0),25/08/22 23:00:00,A,THS_PER,B-E,EMP_DC,FR,2016,2895.00,
ESTAT:NAMA_10_A10_E(1.0),25/08/22 23:00:00,A,THS_PER,B-E,EMP_DC,FR,2017,2875.00,
ESTAT:NAMA_10_A10_E(1.0),25/08/22 23:00:00,A,THS_PER,B-E,EMP_DC,FR,2018,2877.00,
ESTAT:NAMA_10_A10_E(1.0),25/08/22 23:00:00,A,THS_PER,B-E,EMP_DC,FR,2019,2962.00,p
ESTAT:NAMA_10_A10_E(1.0),25/08/22 23:00:00,A,THS_PER,B-E,EMP_DC,FR,2020,2929.00,p
ESTAT:NAMA_10_A10_E(1.0),25/08/22 23:00:00,A,THS_PER,B-E,EMP_DC,FR,2021,2937.00,
ESTAT:NAMA_10_A10_E(1.0),25/08/22 23:00:00,A,THS_PER,B-E,EMP_DC,IT,1995,4912.80,
ESTAT:NAMA_10_A10_E(1.0),25/08/22 23:00:00,A,THS_PER,B-E,EMP_DC,IT,1996,4857.60,
ESTAT:NAMA_10_A10_E(1.0),25/08/22 23:00:00,A,THS_PER,B-E,EMP_DC,IT,1997,4838.30,
ESTAT:NAMA_10_A10_E(1.0),25/08/22 23:00:00,A,THS_PER,B-E,EMP_DC,IT,1998,4924.80,
ESTAT:NAMA_10_A10_E(1.0),25/08/22 23:00:00,A,THS_PER,B-E,EMP_DC,IT,1999,4897.00,
ESTAT:NAMA_10_A10_E(1.0),25/08/22 23:00:00,A,THS_PER,B-E,EMP_DC,IT,2000,4869.30,
ESTAT:NAMA_10_A10_E(1.0),25/08/22 23:00:00,A,THS_PER,B-E,EMP_DC,IT,2001,4865.80,
ESTAT:NAMA_10_A10_E(1.0),25/08/22 23:00:00,A,THS_PER,B-E,EMP_DC,IT,2002,4894.40,
ESTAT:NAMA_10_A10_E(1.0),25/08/22 23:00:00,A,THS_PER,B-E,EMP_DC,IT,2003,4923.50,
ESTAT:NAMA_10_A10_E(1.0),25/08/22 23:00:00,A,THS_PER,B-E,EMP_DC,IT,2004,4871.80,
ESTAT:NAMA_10_A10_E(1.0),25/08/22 23:00:00,A,THS_PER,B-E,EMP_DC,IT,2005,4839.10,
ESTAT:NAMA_10_A10_E(1.0),25/08/22 23:00:00,A,THS_PER,B-E,EMP_DC,IT,2006,4892.20,
ESTAT:NAMA_10_A10_E(1.0),25/08/22 23:00:00,A,THS_PER,B-E,EMP_DC,IT,2007,4916.70,
ESTAT:NAMA_10_A10_E(1.0),25/08/22 23:00:00,A,THS_PER,B-E,EMP_DC,IT,2008,4867.60,
ESTAT:NAMA_10_A10_E(1.0),25/08/22 23:00:00,A,THS_PER,B-E,EMP_DC,IT,2009,4645.70,
ESTAT:NAMA_10_A10_E(1.0),25/08/22 23:00:00,A,THS_PER,B-E,EMP_DC,IT,2010,4482.70,
ESTAT:NAMA_10_A10_E(1.0),25/08/22 23:00:00,A,THS_PER,B-E,EMP_DC,IT,2011,4453.40,
ESTAT:NAMA_10_A10_E(1.0),25/08/22 23:00:00,A,THS_PER,B-E,EMP_DC,IT,2012,4383.60,
ESTAT:NAMA_10_A10_E(1.0),25/08/22 23:00:00,A,THS_PER,B-E,EMP_DC,IT,2013,4261.60,
ESTAT:NAMA_10_A10_E(1.0),25/08/22 23:00:00,A,THS_PER,B-E,EMP_DC,IT,2014,4187.60,
ESTAT:NAMA_10_A10_E(1.0),25/08/22 23:00:00,A,THS_PER,B-E,EMP_DC,IT,2015,4152.80,
ESTAT:NAMA_10_A10_E(1.0),25/08/22 23:00:00,A,THS_PER,B-E,EMP_DC,IT,2016,4189.40,
ESTAT:NAMA_10_A10_E(1.0),25/08/22 23:00:00,A,THS_PER,B-E,EMP_DC,IT,2017,4215.40,
ESTAT:NAMA_10_A10_E(1.0),25/08/22 23:00:00,A,THS_PER,B-E,EMP_DC,IT,2018,4260.80,
ESTAT:NAMA_10_A10_E(1.0),25/08/22 23:00:00,A,THS_PER,B-E,EMP_DC,IT,2019,4290.70,
ESTAT:NAMA_10_A10_E(1.0),25/08/22 23:00:00,A,THS_PER,B-E,EMP_DC,IT,2020,4248.90,
ESTAT:NAMA_10_A10_E(1.0),25/08/22 23:00:00,A,THS_PER,B-E,EMP_DC,IT,2021,4252.20,
ESTAT:NAMA_10_A10_E(1.0),25/08/22 23:00:00,A,THS_PER,B-E,EMP_DC,PL,1995,3764.70,
ESTAT:NAMA_10_A10_E(1.0),25/08/22 23:00:00,A,THS_PER,B-E,EMP_DC,PL,1996,3794.40,
ESTAT:NAMA_10_A10_E(1.0),25/08/22 23:00:00,A,THS_PER,B-E,EMP_DC,PL,1997,3817.20,
ESTAT:NAMA_10_A10_E(1.0),25/08/22 23:00:00,A,THS_PER,B-E,EMP_DC,PL,1998,3832.60,
ESTAT:NAMA_10_A10_E(1.0),25/08/22 23:00:00,A,THS_PER,B-E,EMP_DC,PL,1999,3647.90,
ESTAT:NAMA_10_A10_E(1.0),25/08/22 23:00:00,A,THS_PER,B-E,EMP_DC,PL,2000,3538.00,
ESTAT:NAMA_10_A10_E(1.0),25/08/22 23:00:00,A,THS_PER,B-E,EMP_DC,PL,2001,3373.20,
ESTAT:NAMA_10_A10_E(1.0),25/08/22 23:00:00,A,THS_PER,B-E,EMP_DC,PL,2002,3093.10,
ESTAT:NAMA_10_A10_E(1.0),25/08/22 23:00:00,A,THS_PER,B-E,EMP_DC,PL,2003,3089.50,
ESTAT:NAMA_10_A10_E(1.0),25/08/22 23:00:00,A,THS_PER,B-E,EMP_DC,PL,2004,3205.30,
ESTAT:NAMA_10_A10_E(1.0),25/08/22 23:00:00,A,THS_PER,B-E,EMP_DC,PL,2005,3313.80,
ESTAT:NAMA_10_A10_E(1.0),25/08/22 23:00:00,A,THS_PER,B-E,EMP_DC,PL,2006,3466.20,
ESTAT:NAMA_10_A10_E(1.0),25/08/22 23:00:00,A,THS_PER,B-E,EMP_DC,PL,2007,3634.20,
ESTAT:NAMA_10_A10_E(1.0),25/08/22 23:00:00,A,THS_PER,B-E,EMP_DC,PL,2008,3784.80,
ESTAT:NAMA_10_A10_E(1.0),25/08/22 23:00:00,A,THS_PER,B-E,EMP_DC,PL,2009,3607.20,
ESTAT:NAMA_10_A10_E(1.0),25/08/22 23:00:00,A,THS_PER,B-E,EMP_DC,PL,2010,3403.80,b
ESTAT:NAMA_10_A10_E(1.0),25/08/22 23:00:00,A,THS_PER,B-E,EMP_DC,PL,2011,3458.90,
ESTAT:NAMA_10_A10_E(1.0),25/08/22 23:00:00,A,THS_PER,B-E,EMP_DC,PL,2012,3454.80,
ESTAT:NAMA_10_A10_E(1.0),25/08/22 23:00:00,A,THS_PER,B-E,EMP_DC,PL,2013,3536.60,
ESTAT:NAMA_10_A10_E(1.0),25/08/22 23:00:00,A,THS_PER,B-E,EMP_DC,PL,2014,3620.80,
ESTAT:NAMA_10_A10_E(1.0),25/08/22 23:00:00,A,THS_PER,B-E,EMP_DC,PL,2015,3676.30,
ESTAT:NAMA_10_A10_E(1.0),25/08/22 23:00:00,A,THS_PER,B-E,EMP_DC,PL,2016,3833.20,
ESTAT:NAMA_10_A10_E(1.0),25/08/22 23:00:00,A,THS_PER,B-E,EMP_DC,PL,2017,3936.80,
ESTAT:NAMA_10_A10_E(1.0),25/08/22 23:00:00,A,THS_PER,B-E,EMP_DC,PL,2018,3963.90,
ESTAT:NAMA_10_A10_E(1.0),25/08/22 23:00:00,A,THS_PER,B-E,EMP_DC,PL,2019,3957.30,
ESTAT:NAMA_10_A10_E(1.0),25/08/22 23:00:00,A,THS_PER,B-E,EMP_DC,PL,2020,3829.90,
ESTAT:NAMA_10_A10_E(1.0),25/08/22 23:00:00,A,THS_PER,B-E,EMP_DC,PL,2021,3775.40,b
ESTAT:NAMA_10_A10_E(1.0),25/08/22 23:00:00,A,THS_PER,B-E,EMP_DC,UK,1995,4307.95,
ESTAT:NAMA_10_A10_E(1.0),25/08/22 23:00:00,A,THS_PER,B-E,EMP_DC,UK,1996,4362.93,
ESTAT:NAMA_10_A10_E(1.0),25/08/22 23:00:00,A,THS_PER,B-E,EMP_DC,UK,1997,4373.69,
ESTAT:NAMA_10_A10_E(1.0),25/08/22 23:00:00,A,THS_PER,B-E,EMP_DC,UK,1998,4348.15,
ESTAT:NAMA_10_A10_E(1.0),25/08/22 23:00:00,A,THS_PER,B-E,EMP_DC,UK,1999,4185.38,
ESTAT:NAMA_10_A10_E(1.0),25/08/22 23:00:00,A,THS_PER,B-E,EMP_DC,UK,2000,4051.04,
ESTAT:NAMA_10_A10_E(1.0),25/08/22 23:00:00,A,THS_PER,B-E,EMP_DC,UK,2001,3872.58,
ESTAT:NAMA_10_A10_E(1.0),25/08/22 23:00:00,A,THS_PER,B-E,EMP_DC,UK,2002,3693.53,
ESTAT:NAMA_10_A10_E(1.0),25/08/22 23:00:00,A,THS_PER,B-E,EMP_DC,UK,2003,3496.13,
ESTAT:NAMA_10_A10_E(1.0),25/08/22 23:00:00,A,THS_PER,B-E,EMP_DC,UK,2004,3354.11,
ESTAT:NAMA_10_A10_E(1.0),25/08/22 23:00:00,A,THS_PER,B-E,EMP_DC,UK,2005,3220.86,
ESTAT:NAMA_10_A10_E(1.0),25/08/22 23:00:00,A,THS_PER,B-E,EMP_DC,UK,2006,3156.19,
ESTAT:NAMA_10_A10_E(1.0),25/08/22 23:00:00,A,THS_PER,B-E,EMP_DC,UK,2007,3095.05,
ESTAT:NAMA_10_A10_E(1.0),25/08/22 23:00:00,A,THS_PER,B-E,EMP_DC,UK,2008,3030.78,
ESTAT:NAMA_10_A10_E(1.0),25/08/22 23:00:00,A,THS_PER,B-E,EMP_DC,UK,2009,2852.05,
ESTAT:NAMA_10_A10_E(1.0),25/08/22 23:00:00,A,THS_PER,B-E,EMP_DC,UK,2010,2810.52,
ESTAT:NAMA_10_A10_E(1.0),25/08/22 23:00:00,A,THS_PER,B-E,EMP_DC,UK,2011,2819.30,
ESTAT:NAMA_10_A10_E(1.0),25/08/22 23:00:00,A,THS_PER,B-E,EMP_DC,UK,2012,2857.41,
ESTAT:NAMA_10_A10_E(1.0),25/08/22 23:00:00,A,THS_PER,B-E,EMP_DC,UK,2013,2838.72,
ESTAT:NAMA_10_A10_E(1.0),25/08/22 23:00:00,A,THS_PER,B-E,EMP_DC,UK,2014,2843.85,
ESTAT:NAMA_10_A10_E(1.0),25/08/22 23:00:00,A,THS_PER,B-E,EMP_DC,UK,2015,2880.52,
ESTAT:NAMA_10_A10_E(1.0),25/08/22 23:00:00,A,THS_PER,B-E,EMP_DC,UK,2016,2866.75,
ESTAT:NAMA_10_A10_E(1.0),25/08/22 23:00:00,A,THS_PER,B-E,EMP_DC,UK,2017,2910.24,
ESTAT:NAMA_10_A10_E(1.0),25/08/22 23:00:00,A,THS_PER,B-E,EMP_DC,UK,2018,2973.64,
ESTAT:NAMA_10_A10_E(1.0),25/08/22 23:00:00,A,THS_PER,B-E,EMP_DC,UK,2019,2932.39,
ESTAT:NAMA_10_A10_E(1.0),25/08/22 23:00:00,A,THS_PER,C,EMP_DC,CZ,1995,1358.13,
ESTAT:NAMA_10_A10_E(1.0),25/08/22 23:00:00,A,THS_PER,C,EMP_DC,CZ,1996,1418.72,
ESTAT:NAMA_10_A10_E(1.0),25/08/22 23:00:00,A,THS_PER,C,EMP_DC,CZ,1997,1436.87,
ESTAT:NAMA_10_A10_E(1.0),25/08/22 23:00:00,A,THS_PER,C,EMP_DC,CZ,1998,1422.41,
ESTAT:NAMA_10_A10_E(1.0),25/08/22 23:00:00,A,THS_PER,C,EMP_DC,CZ,1999,1353.05,
ESTAT:NAMA_10_A10_E(1.0),25/08/22 23:00:00,A,THS_PER,C,EMP_DC,CZ,2000,1333.10,
ESTAT:NAMA_10_A10_E(1.0),25/08/22 23:00:00,A,THS_PER,C,EMP_DC,CZ,2001,1334.59,
ESTAT:NAMA_10_A10_E(1.0),25/08/22 23:00:00,A,THS_PER,C,EMP_DC,CZ,2002,1331.17,
ESTAT:NAMA_10_A10_E(1.0),25/08/22 23:00:00,A,THS_PER,C,EMP_DC,CZ,2003,1291.15,
ESTAT:NAMA_10_A10_E(1.0),25/08/22 23:00:00,A,THS_PER,C,EMP_DC,CZ,2004,1304.28,
ESTAT:NAMA_10_A10_E(1.0),25/08/22 23:00:00,A,THS_PER,C,EMP_DC,CZ,2005,1344.04,
ESTAT:NAMA_10_A10_E(1.0),25/08/22 23:00:00,A,THS_PER,C,EMP_DC,CZ,2006,1351.76,
ESTAT:NAMA_10_A10_E(1.0),25/08/22 23:00:00,A,THS_PER,C,EMP_DC,CZ,2007,1394.98,
ESTAT:NAMA_10_A10_E(1.0),25/08/22 23:00:00,A,THS_PER,C,EMP_DC,CZ,2008,1405.88,
ESTAT:NAMA_10_A10_E(1.0),25/08/22 23:00:00,A,THS_PER,C,EMP_DC,CZ,2009,1295.51,
ESTAT:NAMA_10_A10_E(1.0),25/08/22 23:00:00,A,THS_PER,C,EMP_DC,CZ,2010,1251.66,
ESTAT:NAMA_10_A10_E(1.0),25/08/22 23:00:00,A,THS_PER,C,EMP_DC,CZ,2011,1307.17,
ESTAT:NAMA_10_A10_E(1.0),25/08/22 23:00:00,A,THS_PER,C,EMP_DC,CZ,2012,1314.50,
ESTAT:NAMA_10_A10_E(1.0),25/08/22 23:00:00,A,THS_PER,C,EMP_DC,CZ,2013,1316.81,
ESTAT:NAMA_10_A10_E(1.0),25/08/22 23:00:00,A,THS_PER,C,EMP_DC,CZ,2014,1334.41,
ESTAT:NAMA_10_A10_E(1.0),25/08/22 23:00:00,A,THS_PER,C,EMP_DC,CZ,2015,1379.64,
ESTAT:NAMA_10_A10_E(1.0),25/08/22 23:00:00,A,THS_PER,C,EMP_DC,CZ,2016,1414.55,
ESTAT:NAMA_10_A10_E(1.0),25/08/22 23:00:00,A,THS_PER,C,EMP_DC,CZ,2017,1436.04,
ESTAT:NAMA_10_A10_E(1.0),25/08/22 23:00:00,A,THS_PER,C,EMP_DC,CZ,2018,1447.05,
ESTAT:NAMA_10_A10_E(1.0),25/08/22 23:00:00,A,THS_PER,C,EMP_DC,CZ,2019,1439.07,
ESTAT:NAMA_10_A10_E(1.0),25/08/22 23:00:00,A,THS_PER,C,EMP_DC,CZ,2020,1386.00,
ESTAT:NAMA_10_A10_E(1.0),25/08/22 23:00:00,A,THS_PER,C,EMP_DC,CZ,2021,1385.04,
ESTAT:NAMA_10_A10_E(1.0),25/08/22 23:00:00,A,THS_PER,C,EMP_DC,DE,1991,10064.00,
ESTAT:NAMA_10_A10_E(1.0),25/08/22 23:00:00,A,THS_PER,C,EMP_DC,DE,1992,9316.00,
ESTAT:NAMA_10_A10_E(1.0),25/08/22 23:00:00,A,THS_PER,C,EMP_DC,DE,1993,8667.00,
ESTAT:NAMA_10_A10_E(1.0),25/08/22 23:00:00,A,THS_PER,C,EMP_DC,DE,1994,8225.00,
ESTAT:NAMA_10_A10_E(1.0),25/08/22 23:00:00,A,THS_PER,C,EMP_DC,DE,1995,8037.00,
ESTAT:NAMA_10_A10_E(1.0),25/08/22 23:00:00,A,THS_PER,C,EMP_DC,DE,1996,7841.00,
ESTAT:NAMA_10_A10_E(1.0),25/08/22 23:00:00,A,THS_PER,C,EMP_DC,DE,1997,7714.00,
ESTAT:NAMA_10_A10_E(1.0),25/08/22 23:00:00,A,THS_PER,C,EMP_DC,DE,1998,7768.00,
ESTAT:NAMA_10_A10_E(1.0),25/08/22 23:00:00,A,THS_PER,C,EMP_DC,DE,1999,7747.00,
ESTAT:NAMA_10_A10_E(1.0),25/08/22 23:00:00,A,THS_PER,C,EMP_DC,DE,2000,7838.00,
ESTAT:NAMA_10_A10_E(1.0),25/08/22 23:00:00,A,THS_PER,C,EMP_DC,DE,2001,7855.00,
ESTAT:NAMA_10_A10_E(1.0),25/08/22 23:00:00,A,THS_PER,C,EMP_DC,DE,2002,7685.00,
ESTAT:NAMA_10_A10_E(1.0),25/08/22 23:00:00,A,THS_PER,C,EMP_DC,DE,2003,7483.00,
ESTAT:NAMA_10_A10_E(1.0),25/08/22 23:00:00,A,THS_PER,C,EMP_DC,DE,2004,7368.00,
ESTAT:NAMA_10_A10_E(1.0),25/08/22 23:00:00,A,THS_PER,C,EMP_DC,DE,2005,7245.00,
ESTAT:NAMA_10_A10_E(1.0),25/08/22 23:00:00,A,THS_PER,C,EMP_DC,DE,2006,7165.00,
ESTAT:NAMA_10_A10_E(1.0),25/08/22 23:00:00,A,THS_PER,C,EMP_DC,DE,2007,7274.00,
ESTAT:NAMA_10_A10_E(1.0),25/08/22 23:00:00,A,THS_PER,C,EMP_DC,DE,2008,7458.00,
ESTAT:NAMA_10_A10_E(1.0),25/08/22 23:00:00,A,THS_PER,C,EMP_DC,DE,2009,7278.00,
ESTAT:NAMA_10_A10_E(1.0),25/08/22 23:00:00,A,THS_PER,C,EMP_DC,DE,2010,7140.00,
ESTAT:NAMA_10_A10_E(1.0),25/08/22 23:00:00,A,THS_PER,C,EMP_DC,DE,2011,7285.00,
ESTAT:NAMA_10_A10_E(1.0),25/08/22 23:00:00,A,THS_PER,C,EMP_DC,DE,2012,7412.00,
ESTAT:NAMA_10_A10_E(1.0),25/08/22 23:00:00,A,THS_PER,C,EMP_DC,DE,2013,7436.00,
ESTAT:NAMA_10_A10_E(1.0),25/08/22 23:00:00,A,THS_PER,C,EMP_DC,DE,2014,7481.00,
ESTAT:NAMA_10_A10_E(1.0),25/08/22 23:00:00,A,THS_PER,C,EMP_DC,DE,2015,7508.00,
ESTAT:NAMA_10_A10_E(1.0),25/08/22 23:00:00,A,THS_PER,C,EMP_DC,DE,2016,7530.00,
ESTAT:NAMA_10_A10_E(1.0),25/08/22 23:00:00,A,THS_PER,C,EMP_DC,DE,2017,7594.00,
ESTAT:NAMA_10_A10_E(1.0),25/08/22 23:00:00,A,THS_PER,C,EMP_DC,DE,2018,7719.00,
ESTAT:NAMA_10_A10_E(1.0),25/08/22 23:00:00,A,THS_PER,C,EMP_DC,DE,2019,7767.00,p
ESTAT:NAMA_10_A10_E(1.0),25/08/22 23:00:00,A,THS_PER,C,EMP_DC,DE,2020,7571.00,p
ESTAT:NAMA_10_A10_E(1.0),25/08/22 23:00:00,A,THS_PER,C,EMP_DC,DE,2021,7472.00,p
ESTAT:NAMA_10_A10_E(1.0),25/08/22 23:00:00,A,THS_PER,C,EMP_DC,FR,1975,4975.00,
ESTAT:NAMA_10_A10_E(1.0),25/08/22 23:00:00,A,THS_PER,C,EMP_DC,FR,1976,4960.00,
ESTAT:NAMA_10_A10_E(1.0),25/08/22 23:00:00,A,THS_PER,C,EMP_DC,FR,1977,4960.00,
ESTAT:NAMA_10_A10_E(1.0),25/08/22 23:00:00,A,THS_PER,C,EMP_DC,FR,1978,4909.00,
ESTAT:NAMA_10_A10_E(1.0),25/08/22 23:00:00,A,THS_PER,C,EMP_DC,FR,1979,4829.00,
ESTAT:NAMA_10_A10_E(1.0),25/08/22 23:00:00,A,THS_PER,C,EMP_DC,FR,1980,4768.00,
ESTAT:NAMA_10_A10_E(1.0),25/08/22 23:00:00,A,THS_PER,C,EMP_DC,FR,1981,4604.00,
ESTAT:NAMA_10_A10_E(1.0),25/08/22 23:00:00,A,THS_PER,C,EMP_DC,FR,1982,4522.00,
ESTAT:NAMA_10_A10_E(1.0),25/08/22 23:00:00,A,THS_PER,C,EMP_DC,FR,1983,4429.00,
ESTAT:NAMA_10_A10_E(1.0),25/08/22 23:00:00,A,THS_PER,C,EMP_DC,FR,1984,4284.00,
ESTAT:NAMA_10_A10_E(1.0),25/08/22 23:00:00,A,THS_PER,C,EMP_DC,FR,1985,4164.00,
ESTAT:NAMA_10_A10_E(1.0),25/08/22 23:00:00,A,THS_PER,C,EMP_DC,FR,1986,4082.00,
ESTAT:NAMA_10_A10_E(1.0),25/08/22 23:00:00,A,THS_PER,C,EMP_DC,FR,1987,3978.00,
ESTAT:NAMA_10_A10_E(1.0),25/08/22 23:00:00,A,THS_PER,C,EMP_DC,FR,1988,3915.00,
ESTAT:NAMA_10_A10_E(1.0),25/08/22 23:00:00,A,THS_PER,C,EMP_DC,FR,1989,3931.00,
ESTAT:NAMA_10_A10_E(1.0),25/08/22 23:00:00,A,THS_PER,C,EMP_DC,FR,1990,3942.00,
ESTAT:NAMA_10_A10_E(1.0),25/08/22 23:00:00,A,THS_PER,C,EMP_DC,FR,1991,3877.00,
ESTAT:NAMA_10_A10_E(1.0),25/08/22 23:00:00,A,THS_PER,C,EMP_DC,FR,1992,3748.00,
ESTAT:NAMA_10_A10_E(1.0),25/08/22 23:00:00,A,THS_PER,C,EMP_DC,FR,1993,3577.00,
ESTAT:NAMA_10_A10_E(1.0),25/08/22 23:00:00,A,THS_PER,C,EMP_DC,FR,1994,3485.00,
ESTAT:NAMA_10_A10_E(1.0),25/08/22 23:00:00,A,THS_PER,C,EMP_DC,FR,1995,3497.00,
ESTAT:NAMA_10_A10_E(1.0),25/08/22 23:00:00,A,THS_PER,C,EMP_DC,FR,1996,3469.00,
ESTAT:NAMA_10_A10_E(1.0),25/08/22 23:00:00,A,THS_PER,C,EMP_DC,FR,1997,3436.00,
ESTAT:NAMA_10_A10_E(1.0),25/08/22 23:00:00,A,THS_PER,C,EMP_DC,FR,1998,3435.00,
ESTAT:NAMA_10_A10_E(1.0),25/08/22 23:00:00,A,THS_PER,C,EMP_DC,FR,1999,3420.00,
ESTAT:NAMA_10_A10_E(1.0),25/08/22 23:00:00,A,THS_PER,C,EMP_DC,FR,2000,3436.00,
ESTAT:NAMA_10_A10_E(1.0),25/08/22 23:00:00,A,THS_PER,C,EMP_DC,FR,2001,3456.00,
ESTAT:NAMA_10_A10_E(1.0),25/08/22 23:00:00,A,THS_PER,C,EMP_DC,FR,2002,3395.00,
ESTAT:NAMA_10_A10_E(1.0),25/08/22 23:00:00,A,THS_PER,C,EMP_DC,FR,2003,3322.00,
ESTAT:NAMA_10_A10_E(1.0),25/08/22 23:00:00,A,THS_PER,C,EMP_DC,FR,2004,3213.00,
ESTAT:NAMA_10_A10_E(1.0),25/08/22 23:00:00,A,THS_PER,C,EMP_DC,FR,2005,3144.00,
ESTAT:NAMA_10_A10_E(1.0),25/08/22 23:00:00,A,THS_PER,C,EMP_DC,FR,2006,3085.00,
ESTAT:NAMA_10_A10_E(1.0),25/08/22 23:00:00,A,THS_PER,C,EMP_DC,FR,2007,3052.00,
ESTAT:NAMA_10_A10_E(1.0),25/08/22 23:00:00,A,THS_PER,C,EMP_DC,FR,2008,3016.00,
ESTAT:NAMA_10_A10_E(1.0),25/08/22 23:00:00,A,THS_PER,C,EMP_DC,FR,2009,2863.00,
ESTAT:NAMA_10_A10_E(1.0),25/08/22 23:00:00,A,THS_PER,C,EMP_DC,FR,2010,2732.00,
ESTAT:NAMA_10_A10_E(1.0),25/08/22 23:00:00,A,THS_PER,C,EMP_DC,FR,2011,2715.00,
ESTAT:NAMA_10_A10_E(1.0),25/08/22 23:00:00,A,THS_PER,C,EMP_DC,FR,2012,2700.00,
ESTAT:NAMA_10_A10_E(1.0),25/08/22 23:00:00,A,THS_PER,C,EMP_DC,FR,2013,2667.00,
ESTAT:NAMA_10_A10_E(1.0),25/08/22 23:00:00,A,THS_PER,C,EMP_DC,FR,2014,2654.00,
ESTAT:NAMA_10_A10_E(1.0),25/08/22 23:00:00,A,THS_PER,C,EMP_DC,FR,2015,2600.00,
ESTAT:NAMA_10_A10_E(1.0),25/08/22 23:00:00,A,THS_PER,C,EMP_DC,FR,2016,2585.00,
ESTAT:NAMA_10_A10_E(1.0),25/08/22 23:00:00,A,THS_PER,C,EMP_DC,FR,2017,2569.00,
ESTAT:NAMA_10_A10_E(1.0),25/08/22 23:00:00,A,THS_PER,C,EMP_DC,FR,2018,2569.00,
ESTAT:NAMA_10_A10_E(1.0),25/08/22 23:00:00,A,THS_PER,C,EMP_DC,FR,2019,2647.00,p
ESTAT:NAMA_10_A10_E(1.0),25/08/22 23:00:00,A,THS_PER,C,EMP_DC,FR,2020,2616.00,p
ESTAT:NAMA_10_A10_E(1.0),25/08/22 23:00:00,A,THS_PER,C,EMP_DC,FR,2021,2622.00,
ESTAT:NAMA_10_A10_E(1.0),25/08/22 23:00:00,A,THS_PER,C,EMP_DC,IT,1995,4636.50,
ESTAT:NAMA_10_A10_E(1.0),25/08/22 23:00:00,A,THS_PER,C,EMP_DC,IT,1996,4577.00,
ESTAT:NAMA_10_A10_E(1.0),25/08/22 23:00:00,A,THS_PER,C,EMP_DC,IT,1997,4559.50,
ESTAT:NAMA_10_A10_E(1.0),25/08/22 23:00:00,A,THS_PER,C,EMP_DC,IT,1998,4640.70,
ESTAT:NAMA_10_A10_E(1.0),25/08/22 23:00:00,A,THS_PER,C,EMP_DC,IT,1999,4606.30,
ESTAT:NAMA_10_A10_E(1.0),25/08/22 23:00:00,A,THS_PER,C,EMP_DC,IT,2000,4573.70,
ESTAT:NAMA_10_A10_E(1.0),25/08/22 23:00:00,A,THS_PER,C,EMP_DC,IT,2001,4569.50,
ESTAT:NAMA_10_A10_E(1.0),25/08/22 23:00:00,A,THS_PER,C,EMP_DC,IT,2002,4593.00,
ESTAT:NAMA_10_A10_E(1.0),25/08/22 23:00:00,A,THS_PER,C,EMP_DC,IT,2003,4620.80,
ESTAT:NAMA_10_A10_E(1.0),25/08/22 23:00:00,A,THS_PER,C,EMP_DC,IT,2004,4572.70,
ESTAT:NAMA_10_A10_E(1.0),25/08/22 23:00:00,A,THS_PER,C,EMP_DC,IT,2005,4532.20,
ESTAT:NAMA_10_A10_E(1.0),25/08/22 23:00:00,A,THS_PER,C,EMP_DC,IT,2006,4572.50,
ESTAT:NAMA_10_A10_E(1.0),25/08/22 23:00:00,A,THS_PER,C,EMP_DC,IT,2007,4598.80,
ESTAT:NAMA_10_A10_E(1.0),25/08/22 23:00:00,A,THS_PER,C,EMP_DC,IT,2008,4551.60,
ESTAT:NAMA_10_A10_E(1.0),25/08/22 23:00:00,A,THS_PER,C,EMP_DC,IT,2009,4328.90,
ESTAT:NAMA_10_A10_E(1.0),25/08/22 23:00:00,A,THS_PER,C,EMP_DC,IT,2010,4166.80,
ESTAT:NAMA_10_A10_E(1.0),25/08/22 23:00:00,A,THS_PER,C,EMP_DC,IT,2011,4135.80,
ESTAT:NAMA_10_A10_E(1.0),25/08/22 23:00:00,A,THS_PER,C,EMP_DC,IT,2012,4058.20,
ESTAT:NAMA_10_A10_E(1.0),25/08/22 23:00:00,A,THS_PER,C,EMP_DC,IT,2013,3942.10,
ESTAT:NAMA_10_A10_E(1.0),25/08/22 23:00:00,A,THS_PER,C,EMP_DC,IT,2014,3868.90,
ESTAT:NAMA_10_A10_E(1.0),25/08/22 23:00:00,A,THS_PER,C,EMP_DC,IT,2015,3833.40,
ESTAT:NAMA_10_A10_E(1.0),25/08/22 23:00:00,A,THS_PER,C,EMP_DC,IT,2016,3866.80,
ESTAT:NAMA_10_A10_E(1.0),25/08/22 23:00:00,A,THS_PER,C,EMP_DC,IT,2017,3891.40,
ESTAT:NAMA_10_A10_E(1.0),25/08/22 23:00:00,A,THS_PER,C,EMP_DC,IT,2018,3932.00,
ESTAT:NAMA_10_A10_E(1.0),25/08/22 23:00:00,A,THS_PER,C,EMP_DC,IT,2019,3956.60,
ESTAT:NAMA_10_A10_E(1.0),25/08/22 23:00:00,A,THS_PER,C,EMP_DC,IT,2020,3913.50,
ESTAT:NAMA_10_A10_E(1.0),25/08/22 23:00:00,A,THS_PER,C,EMP_DC,IT,2021,3910.60,
ESTAT:NAMA_10_A10_E(1.0),25/08/22 23:00:00,A,THS_PER,C,EMP_DC,PL,1995,3139.90,
ESTAT:NAMA_10_A10_E(1.0),25/08/22 23:00:00,A,THS_PER,C,EMP_DC,PL,1996,3170.00,
ESTAT:NAMA_10_A10_E(1.0),25/08/22 23:00:00,A,THS_PER,C,EMP_DC,PL,1997,3193.50,
ESTAT:NAMA_10_A10_E(1.0),25/08/22 23:00:00,A,THS_PER,C,EMP_DC,PL,1998,3211.10,
ESTAT:NAMA_10_A10_E(1.0),25/08/22 23:00:00,A,THS_PER,C,EMP_DC,PL,1999,3049.80,
ESTAT:NAMA_10_A10_E(1.0),25/08/22 23:00:00,A,THS_PER,C,EMP_DC,PL,2000,2918.70,
ESTAT:NAMA_10_A10_E(1.0),25/08/22 23:00:00,A,THS_PER,C,EMP_DC,PL,2001,2832.50,
ESTAT:NAMA_10_A10_E(1.0),25/08/22 23:00:00,A,THS_PER,C,EMP_DC,PL,2002,2575.10,
ESTAT:NAMA_10_A10_E(1.0),25/08/22 23:00:00,A,THS_PER,C,EMP_DC,PL,2003,2593.70,
ESTAT:NAMA_10_A10_E(1.0),25/08/22 23:00:00,A,THS_PER,C,EMP_DC,PL,2004,2672.80,
ESTAT:NAMA_10_A10_E(1.0),25/08/22 23:00:00,A,THS_PER,C,EMP_DC,PL,2005,2762.50,
ESTAT:NAMA_10_A10_E(1.0),25/08/22 23:00:00,A,THS_PER,C,EMP_DC,PL,2006,2901.10,
ESTAT:NAMA_10_A10_E(1.0),25/08/22 23:00:00,A,THS_PER,C,EMP_DC,PL,2007,3068.90,
ESTAT:NAMA_10_A10_E(1.0),25/08/22 23:00:00,A,THS_PER,C,EMP_DC,PL,2008,3213.00,
ESTAT:NAMA_10_A10_E(1.0),25/08/22 23:00:00,A,THS_PER,C,EMP_DC,PL,2009,3044.40,
ESTAT:NAMA_10_A10_E(1.0),25/08/22 23:00:00,A,THS_PER,C,EMP_DC,PL,2010,2855.90,b
ESTAT:NAMA_10_A10_E(1.0),25/08/22 23:00:00,A,THS_PER,C,EMP_DC,PL,2011,2892.40,
ESTAT:NAMA_10_A10_E(1.0),25/08/22 23:00:00,A,THS_PER,C,EMP_DC,PL,2012,2878.80,
ESTAT:NAMA_10_A10_E(1.0),25/08/22 23:00:00,A,THS_PER,C,EMP_DC,PL,2013,2941.00,
ESTAT:NAMA_10_A10_E(1.0),25/08/22 23:00:00,A,THS_PER,C,EMP_DC,PL,2014,3004.80,
ESTAT:NAMA_10_A10_E(1.0),25/08/22 23:00:00,A,THS_PER,C,EMP_DC,PL,2015,3093.70,
ESTAT:NAMA_10_A10_E(1.0),25/08/22 23:00:00,A,THS_PER,C,EMP_DC,PL,2016,3260.30,
ESTAT:NAMA_10_A10_E(1.0),25/08/22 23:00:00,A,THS_PER,C,EMP_DC,PL,2017,3405.20,
ESTAT:NAMA_10_A10_E(1.0),25/08/22 23:00:00,A,THS_PER,C,EMP_DC,PL,2018,3456.50,
ESTAT:NAMA_10_A10_E(1.0),25/08/22 23:00:00,A,THS_PER,C,EMP_DC,PL,2019,3396.10,
ESTAT:NAMA_10_A10_E(1.0),25/08/22 23:00:00,A,THS_PER,C,EMP_DC,PL,2020,3258.60,
ESTAT:NAMA_10_A10_E(1.0),25/08/22 23:00:00,A,THS_PER,C,EMP_DC,PL,2021,3222.90,b
ESTAT:NAMA_10_A10_E(1.0),25/08/22 23:00:00,A,THS_PER,C,EMP_DC,UK,1995,3996.45,
ESTAT:NAMA_10_A10_E(1.0),25/08/22 23:00:00,A,THS_PER,C,EMP_DC,UK,1996,4052.81,
ESTAT:NAMA_10_A10_E(1.0),25/08/22 23:00:00,A,THS_PER,C,EMP_DC,UK,1997,4058.52,
ESTAT:NAMA_10_A10_E(1.0),25/08/22 23:00:00,A,THS_PER,C,EMP_DC,UK,1998,4034.06,
ESTAT:NAMA_10_A10_E(1.0),25/08/22 23:00:00,A,THS_PER,C,EMP_DC,UK,1999,3882.78,
ESTAT:NAMA_10_A10_E(1.0),25/08/22 23:00:00,A,THS_PER,C,EMP_DC,UK,2000,3747.47,
ESTAT:NAMA_10_A10_E(1.0),25/08/22 23:00:00,A,THS_PER,C,EMP_DC,UK,2001,3568.42,
ESTAT:NAMA_10_A10_E(1.0),25/08/22 23:00:00,A,THS_PER,C,EMP_DC,UK,2002,3395.97,
ESTAT:NAMA_10_A10_E(1.0),25/08/22 23:00:00,A,THS_PER,C,EMP_DC,UK,2003,3205.98,
ESTAT:NAMA_10_A10_E(1.0),25/08/22 23:00:00,A,THS_PER,C,EMP_DC,UK,2004,3074.35,
ESTAT:NAMA_10_A10_E(1.0),25/08/22 23:00:00,A,THS_PER,C,EMP_DC,UK,2005,2935.77,
ESTAT:NAMA_10_A10_E(1.0),25/08/22 23:00:00,A,THS_PER,C,EMP_DC,UK,2006,2860.40,
ESTAT:NAMA_10_A10_E(1.0),25/08/22 23:00:00,A,THS_PER,C,EMP_DC,UK,2007,2783.98,
ESTAT:NAMA_10_A10_E(1.0),25/08/22 23:00:00,A,THS_PER,C,EMP_DC,UK,2008,2708.44,
ESTAT:NAMA_10_A10_E(1.0),25/08/22 23:00:00,A,THS_PER,C,EMP_DC,UK,2009,2535.20,
ESTAT:NAMA_10_A10_E(1.0),25/08/22 23:00:00,A,THS_PER,C,EMP_DC,UK,2010,2475.76,
ESTAT:NAMA_10_A10_E(1.0),25/08/22 23:00:00,A,THS_PER,C,EMP_DC,UK,2011,2464.30,
ESTAT:NAMA_10_A10_E(1.0),25/08/22 23:00:00,A,THS_PER,C,EMP_DC,UK,2012,2483.74,
ESTAT:NAMA_10_A10_E(1.0),25/08/22 23:00:00,A,THS_PER,C,EMP_DC,UK,2013,2465.95,
ESTAT:NAMA_10_A10_E(1.0),25/08/22 23:00:00,A,THS_PER,C,EMP_DC,UK,2014,2480.06,
ESTAT:NAMA_10_A10_E(1.0),25/08/22 23:00:00,A,THS_PER,C,EMP_DC,UK,2015,2503.61,
ESTAT:NAMA_10_A10_E(1.0),25/08/22 23:00:00,A,THS_PER,C,EMP_DC,UK,2016,2495.09,
ESTAT:NAMA_10_A10_E(1.0),25/08/22 23:00:00,A,THS_PER,C,EMP_DC,UK,2017,2532.32,
ESTAT:NAMA_10_A10_E(1.0),25/08/22 23:00:00,A,THS_PER,C,EMP_DC,UK,2018,2572.94,
ESTAT:NAMA_10_A10_E(1.0),25/08/22 23:00:00,A,THS_PER,C,EMP_DC,UK,2019,2540.86,
ESTAT:NAMA_10_A10_E(1.0),25/08/22 23:00:00,A,THS_PER,F,EMP_DC,CZ,1995,523.63,
ESTAT:NAMA_10_A10_E(1.0),25/08/22 23:00:00,A,THS_PER,F,EMP_DC,CZ,1996,503.23,
ESTAT:NAMA_10_A10_E(1.0),25/08/22 23:00:00,A,THS_PER,F,EMP_DC,CZ,1997,474.63,
ESTAT:NAMA_10_A10_E(1.0),25/08/22 23:00:00,A,THS_PER,F,EMP_DC,CZ,1998,464.56,
ESTAT:NAMA_10_A10_E(1.0),25/08/22 23:00:00,A,THS_PER,F,EMP_DC,CZ,1999,436.92,
ESTAT:NAMA_10_A10_E(1.0),25/08/22 23:00:00,A,THS_PER,F,EMP_DC,CZ,2000,416.16,
ESTAT:NAMA_10_A10_E(1.0),25/08/22 23:00:00,A,THS_PER,F,EMP_DC,CZ,2001,401.42,
ESTAT:NAMA_10_A10_E(1.0),25/08/22 23:00:00,A,THS_PER,F,EMP_DC,CZ,2002,416.77,
ESTAT:NAMA_10_A10_E(1.0),25/08/22 23:00:00,A,THS_PER,F,EMP_DC,CZ,2003,419.97,
ESTAT:NAMA_10_A10_E(1.0),25/08/22 23:00:00,A,THS_PER,F,EMP_DC,CZ,2004,422.34,
ESTAT:NAMA_10_A10_E(1.0),25/08/22 23:00:00,A,THS_PER,F,EMP_DC,CZ,2005,437.98,
ESTAT:NAMA_10_A10_E(1.0),25/08/22 23:00:00,A,THS_PER,F,EMP_DC,CZ,2006,438.22,
ESTAT:NAMA_10_A10_E(1.0),25/08/22 23:00:00,A,THS_PER,F,EMP_DC,CZ,2007,432.38,
ESTAT:NAMA_10_A10_E(1.0),25/08/22 23:00:00,A,THS_PER,F,EMP_DC,CZ,2008,441.37,
ESTAT:NAMA_10_A10_E(1.0),25/08/22 23:00:00,A,THS_PER,F,EMP_DC,CZ,2009,465.24,
ESTAT:NAMA_10_A10_E(1.0),25/08/22 23:00:00,A,THS_PER,F,EMP_DC,CZ,2010,475.48,
ESTAT:NAMA_10_A10_E(1.0),25/08/22 23:00:00,A,THS_PER,F,EMP_DC,CZ,2011,436.92,
ESTAT:NAMA_10_A10_E(1.0),25/08/22 23:00:00,A,THS_PER,F,EMP_DC,CZ,2012,435.00,
ESTAT:NAMA_10_A10_E(1.0),25/08/22 23:00:00,A,THS_PER,F,EMP_DC,CZ,2013,426.55,
ESTAT:NAMA_10_A10_E(1.0),25/08/22 23:00:00,A,THS_PER,F,EMP_DC,CZ,2014,407.62,
ESTAT:NAMA_10_A10_E(1.0),25/08/22 23:00:00,A,THS_PER,F,EMP_DC,CZ,2015,400.52,
ESTAT:NAMA_10_A10_E(1.0),25/08/22 23:00:00,A,THS_PER,F,EMP_DC,CZ,2016,397.25,
ESTAT:NAMA_10_A10_E(1.0),25/08/22 23:00:00,A,THS_PER,F,EMP_DC,CZ,2017,397.37,
ESTAT:NAMA_10_A10_E(1.0),25/08/22 23:00:00,A,THS_PER,F,EMP_DC,CZ,2018,402.02,
ESTAT:NAMA_10_A10_E(1.0),25/08/22 23:00:00,A,THS_PER,F,EMP_DC,CZ,2019,406.71,
ESTAT:NAMA_10_A10_E(1.0),25/08/22 23:00:00,A,THS_PER,F,EMP_DC,CZ,2020,401.91,
ESTAT:NAMA_10_A10_E(1.0),25/08/22 23:00:00,A,THS_PER,F,EMP_DC,CZ,2021,403.37,
ESTAT:NAMA_10_A10_E(1.0),25/08/22 23:00:00,A,THS_PER,F,EMP_DC,DE,1991,2888.00,
ESTAT:NAMA_10_A10_E(1.0),25/08/22 23:00:00,A,THS_PER,F,EMP_DC,DE,1992,3000.00,
ESTAT:NAMA_10_A10_E(1.0),25/08/22 23:00:00,A,THS_PER,F,EMP_DC,DE,1993,3114.00,
ESTAT:NAMA_10_A10_E(1.0),25/08/22 23:00:00,A,THS_PER,F,EMP_DC,DE,1994,3255.00,
ESTAT:NAMA_10_A10_E(1.0),25/08/22 23:00:00,A,THS_PER,F,EMP_DC,DE,1995,3320.00,
ESTAT:NAMA_10_A10_E(1.0),25/08/22 23:00:00,A,THS_PER,F,EMP_DC,DE,1996,3222.00,
ESTAT:NAMA_10_A10_E(1.0),25/08/22 23:00:00,A,THS_PER,F,EMP_DC,DE,1997,3110.00,
ESTAT:NAMA_10_A10_E(1.0),25/08/22 23:00:00,A,THS_PER,F,EMP_DC,DE,1998,3010.00,
ESTAT:NAMA_10_A10_E(1.0),25/08/22 23:00:00,A,THS_PER,F,EMP_DC,DE,1999,2963.00,
ESTAT:NAMA_10_A10_E(1.0),25/08/22 23:00:00,A,THS_PER,F,EMP_DC,DE,2000,2888.00,
ESTAT:NAMA_10_A10_E(1.0),25/08/22 23:00:00,A,THS_PER,F,EMP_DC,DE,2001,2695.00,
ESTAT:NAMA_10_A10_E(1.0),25/08/22 23:00:00,A,THS_PER,F,EMP_DC,DE,2002,2548.00,
ESTAT:NAMA_10_A10_E(1.0),25/08/22 23:00:00,A,THS_PER,F,EMP_DC,DE,2003,2429.00,
ESTAT:NAMA_10_A10_E(1.0),25/08/22 23:00:00,A,THS_PER,F,EMP_DC,DE,2004,2349.00,
ESTAT:NAMA_10_A10_E(1.0),25/08/22 23:00:00,A,THS_PER,F,EMP_DC,DE,2005,2270.00,
ESTAT:NAMA_10_A10_E(1.0),25/08/22 23:00:00,A,THS_PER,F,EMP_DC,DE,2006,2266.00,
ESTAT:NAMA_10_A10_E(1.0),25/08/22 23:00:00,A,THS_PER,F,EMP_DC,DE,2007,2305.00,
ESTAT:NAMA_10_A10_E(1.0),25/08/22 23:00:00,A,THS_PER,F,EMP_DC,DE,2008,2295.00,
ESTAT:NAMA_10_A10_E(1.0),25/08/22 23:00:00,A,THS_PER,F,EMP_DC,DE,2009,2306.00,
ESTAT:NAMA_10_A10_E(1.0),25/08/22 23:00:00,A,THS_PER,F,EMP_DC,DE,2010,2325.00,
ESTAT:NAMA_10_A10_E(1.0),25/08/22 23:00:00,A,THS_PER,F,EMP_DC,DE,2011,2368.00,
ESTAT:NAMA_10_A10_E(1.0),25/08/22 23:00:00,A,THS_PER,F,EMP_DC,DE,2012,2401.00,
ESTAT:NAMA_10_A10_E(1.0),25/08/22 23:00:00,A,THS_PER,F,EMP_DC,DE,2013,2415.00,
ESTAT:NAMA_10_A10_E(1.0),25/08/22 23:00:00,A,THS_PER,F,EMP_DC,DE,2014,2427.00,
ESTAT:NAMA_10_A10_E(1.0),25/08/22 23:00:00,A,THS_PER,F,EMP_DC,DE,2015,2426.00,
ESTAT:NAMA_10_A10_E(1.0),25/08/22 23:00:00,A,THS_PER,F,EMP_DC,DE,2016,2450.00,
ESTAT:NAMA_10_A10_E(1.0),25/08/22 23:00:00,A,THS_PER,F,EMP_DC,DE,2017,2479.00,
ESTAT:NAMA_10_A10_E(1.0),25/08/22 23:00:00,A,THS_PER,F,EMP_DC,DE,2018,2516.00,
ESTAT:NAMA_10_A10_E(1.0),25/08/22 23:00:00,A,THS_PER,F,EMP_DC,DE,2019,2552.00,p
ESTAT:NAMA_10_A10_E(1.0),25/08/22 23:00:00,A,THS_PER,F,EMP_DC,DE,2020,2594.00,p
ESTAT:NAMA_10_A10_E(1.0),25/08/22 23:00:00,A,THS_PER,F,EMP_DC,DE,2021,2621.00,p
ESTAT:NAMA_10_A10_E(1.0),25/08/22 23:00:00,A,THS_PER,F,EMP_DC,FR,1975,1904.00,
ESTAT:NAMA_10_A10_E(1.0),25/08/22 23:00:00,A,THS_PER,F,EMP_DC,FR,1976,1905.00,
ESTAT:NAMA_10_A10_E(1.0),25/08/22 23:00:00,A,THS_PER,F,EMP_DC,FR,1977,1912.00,
ESTAT:NAMA_10_A10_E(1.0),25/08/22 23:00:00,A,THS_PER,F,EMP_DC,FR,1978,1885.00,
ESTAT:NAMA_10_A10_E(1.0),25/08/22 23:00:00,A,THS_PER,F,EMP_DC,FR,1979,1889.00,
ESTAT:NAMA_10_A10_E(1.0),25/08/22 23:00:00,A,THS_PER,F,EMP_DC,FR,1980,1904.00,
ESTAT:NAMA_10_A10_E(1.0),25/08/22 23:00:00,A,THS_PER,F,EMP_DC,FR,1981,1881.00,
ESTAT:NAMA_10_A10_E(1.0),25/08/22 23:00:00,A,THS_PER,F,EMP_DC,FR,1982,1840.00,
ESTAT:NAMA_10_A10_E(1.0),25/08/22 23:00:00,A,THS_PER,F,EMP_DC,FR,1983,1770.00,
ESTAT:NAMA_10_A10_E(1.0),25/08/22 23:00:00,A,THS_PER,F,EMP_DC,FR,1984,1664.00,
ESTAT:NAMA_10_A10_E(1.0),25/08/22 23:00:00,A,THS_PER,F,EMP_DC,FR,1985,1617.00,
ESTAT:NAMA_10_A10_E(1.0),25/08/22 23:00:00,A,THS_PER,F,EMP_DC,FR,1986,1624.00,
ESTAT:NAMA_10_A10_E(1.0),25/08/22 23:00:00,A,THS_PER,F,EMP_DC,FR,1987,1640.00,
ESTAT:NAMA_10_A10_E(1.0),25/08/22 23:00:00,A,THS_PER,F,EMP_DC,FR,1988,1671.00,
ESTAT:NAMA_10_A10_E(1.0),25/08/22 23:00:00,A,THS_PER,F,EMP_DC,FR,1989,1715.00,
ESTAT:NAMA_10_A10_E(1.0),25/08/22 23:00:00,A,THS_PER,F,EMP_DC,FR,1990,1732.00,
ESTAT:NAMA_10_A10_E(1.0),25/08/22 23:00:00,A,THS_PER,F,EMP_DC,FR,1991,1710.00,
ESTAT:NAMA_10_A10_E(1.0),25/08/22 23:00:00,A,THS_PER,F,EMP_DC,FR,1992,1628.00,
ESTAT:NAMA_10_A10_E(1.0),25/08/22 23:00:00,A,THS_PER,F,EMP_DC,FR,1993,1534.00,
ESTAT:NAMA_10_A10_E(1.0),25/08/22 23:00:00,A,THS_PER,F,EMP_DC,FR,1994,1488.00,
ESTAT:NAMA_10_A10_E(1.0),25/08/22 23:00:00,A,THS_PER,F,EMP_DC,FR,1995,1483.00,
ESTAT:NAMA_10_A10_E(1.0),25/08/22 23:00:00,A,THS_PER,F,EMP_DC,FR,1996,1446.00,
ESTAT:NAMA_10_A10_E(1.0),25/08/22 23:00:00,A,THS_PER,F,EMP_DC,FR,1997,1409.00,
ESTAT:NAMA_10_A10_E(1.0),25/08/22 23:00:00,A,THS_PER,F,EMP_DC,FR,1998,1399.00,
ESTAT:NAMA_10_A10_E(1.0),25/08/22 23:00:00,A,THS_PER,F,EMP_DC,FR,1999,1425.00,
ESTAT:NAMA_10_A10_E(1.0),25/08/22 23:00:00,A,THS_PER,F,EMP_DC,FR,2000,1485.00,
ESTAT:NAMA_10_A10_E(1.0),25/08/22 23:00:00,A,THS_PER,F,EMP_DC,FR,2001,1527.00,
ESTAT:NAMA_10_A10_E(1.0),25/08/22 23:00:00,A,THS_PER,F,EMP_DC,FR,2002,1562.00,
ESTAT:NAMA_10_A10_E(1.0),25/08/22 23:00:00,A,THS_PER,F,EMP_DC,FR,2003,1571.00,
ESTAT:NAMA_10_A10_E(1.0),25/08/22 23:00:00,A,THS_PER,F,EMP_DC,FR,2004,1598.00,
ESTAT:NAMA_10_A10_E(1.0),25/08/22 23:00:00,A,THS_PER,F,EMP_DC,FR,2005,1664.00,
ESTAT:NAMA_10_A10_E(1.0),25/08/22 23:00:00,A,THS_PER,F,EMP_DC,FR,2006,1738.00,
ESTAT:NAMA_10_A10_E(1.0),25/08/22 23:00:00,A,THS_PER,F,EMP_DC,FR,2007,1820.00,
ESTAT:NAMA_10_A10_E(1.0),25/08/22 23:00:00,A,THS_PER,F,EMP_DC,FR,2008,1874.00,
ESTAT:NAMA_10_A10_E(1.0),25/08/22 23:00:00,A,THS_PER,F,EMP_DC,FR,2009,1874.00,
ESTAT:NAMA_10_A10_E(1.0),25/08/22 23:00:00,A,THS_PER,F,EMP_DC,FR,2010,1844.00,
ESTAT:NAMA_10_A10_E(1.0),25/08/22 23:00:00,A,THS_PER,F,EMP_DC,FR,2011,1844.00,
ESTAT:NAMA_10_A10_E(1.0),25/08/22 23:00:00,A,THS_PER,F,EMP_DC,FR,2012,1838.00,
ESTAT:NAMA_10_A10_E(1.0),25/08/22 23:00:00,A,THS_PER,F,EMP_DC,FR,2013,1829.00,
ESTAT:NAMA_10_A10_E(1.0),25/08/22 23:00:00,A,THS_PER,F,EMP_DC,FR,2014,1816.00,
ESTAT:NAMA_10_A10_E(1.0),25/08/22 23:00:00,A,THS_PER,F,EMP_DC,FR,2015,1771.00,
ESTAT:NAMA_10_A10_E(1.0),25/08/22 23:00:00,A,THS_PER,F,EMP_DC,FR,2016,1730.00,
ESTAT:NAMA_10_A10_E(1.0),25/08/22 23:00:00,A,THS_PER,F,EMP_DC,FR,2017,1718.00,
ESTAT:NAMA_10_A10_E(1.0),25/08/22 23:00:00,A,THS_PER,F,EMP_DC,FR,2018,1743.00,
ESTAT:NAMA_10_A10_E(1.0),25/08/22 23:00:00,A,THS_PER,F,EMP_DC,FR,2019,1795.00,p
ESTAT:NAMA_10_A10_E(1.0),25/08/22 23:00:00,A,THS_PER,F,EMP_DC,FR,2020,1826.00,p
ESTAT:NAMA_10_A10_E(1.0),25/08/22 23:00:00,A,THS_PER,F,EMP_DC,FR,2021,1893.00,
ESTAT:NAMA_10_A10_E(1.0),25/08/22 23:00:00,A,THS_PER,F,EMP_DC,IT,1995,1441.60,
ESTAT:NAMA_10_A10_E(1.0),25/08/22 23:00:00,A,THS_PER,F,EMP_DC,IT,1996,1430.90,
ESTAT:NAMA_10_A10_E(1.0),25/08/22 23:00:00,A,THS_PER,F,EMP_DC,IT,1997,1439.90,
ESTAT:NAMA_10_A10_E(1.0),25/08/22 23:00:00,A,THS_PER,F,EMP_DC,IT,1998,1422.60,
ESTAT:NAMA_10_A10_E(1.0),25/08/22 23:00:00,A,THS_PER,F,EMP_DC,IT,1999,1460.50,
ESTAT:NAMA_10_A10_E(1.0),25/08/22 23:00:00,A,THS_PER,F,EMP_DC,IT,2000,1499.90,
ESTAT:NAMA_10_A10_E(1.0),25/08/22 23:00:00,A,THS_PER,F,EMP_DC,IT,2001,1608.20,
ESTAT:NAMA_10_A10_E(1.0),25/08/22 23:00:00,A,THS_PER,F,EMP_DC,IT,2002,1647.80,
ESTAT:NAMA_10_A10_E(1.0),25/08/22 23:00:00,A,THS_PER,F,EMP_DC,IT,2003,1707.80,
ESTAT:NAMA_10_A10_E(1.0),25/08/22 23:00:00,A,THS_PER,F,EMP_DC,IT,2004,1766.00,
ESTAT:NAMA_10_A10_E(1.0),25/08/22 23:00:00,A,THS_PER,F,EMP_DC,IT,2005,1857.60,
ESTAT:NAMA_10_A10_E(1.0),25/08/22 23:00:00,A,THS_PER,F,EMP_DC,IT,2006,1885.70,
ESTAT:NAMA_10_A10_E(1.0),25/08/22 23:00:00,A,THS_PER,F,EMP_DC,IT,2007,1951.70,
ESTAT:NAMA_10_A10_E(1.0),25/08/22 23:00:00,A,THS_PER,F,EMP_DC,IT,2008,1956.80,
ESTAT:NAMA_10_A10_E(1.0),25/08/22 23:00:00,A,THS_PER,F,EMP_DC,IT,2009,1936.00,
ESTAT:NAMA_10_A10_E(1.0),25/08/22 23:00:00,A,THS_PER,F,EMP_DC,IT,2010,1902.50,
ESTAT:NAMA_10_A10_E(1.0),25/08/22 23:00:00,A,THS_PER,F,EMP_DC,IT,2011,1858.50,
ESTAT:NAMA_10_A10_E(1.0),25/08/22 23:00:00,A,THS_PER,F,EMP_DC,IT,2012,1769.50,
ESTAT:NAMA_10_A10_E(1.0),25/08/22 23:00:00,A,THS_PER,F,EMP_DC,IT,2013,1634.40,
ESTAT:NAMA_10_A10_E(1.0),25/08/22 23:00:00,A,THS_PER,F,EMP_DC,IT,2014,1569.60,
ESTAT:NAMA_10_A10_E(1.0),25/08/22 23:00:00,A,THS_PER,F,EMP_DC,IT,2015,1551.30,
ESTAT:NAMA_10_A10_E(1.0),25/08/22 23:00:00,A,THS_PER,F,EMP_DC,IT,2016,1550.20,
ESTAT:NAMA_10_A10_E(1.0),25/08/22 23:00:00,A,THS_PER,F,EMP_DC,IT,2017,1535.90,
ESTAT:NAMA_10_A10_E(1.0),25/08/22 23:00:00,A,THS_PER,F,EMP_DC,IT,2018,1535.80,
ESTAT:NAMA_10_A10_E(1.0),25/08/22 23:00:00,A,THS_PER,F,EMP_DC,IT,2019,1534.80,
ESTAT:NAMA_10_A10_E(1.0),25/08/22 23:00:00,A,THS_PER,F,EMP_DC,IT,2020,1564.10,
ESTAT:NAMA_10_A10_E(1.0),25/08/22 23:00:00,A,THS_PER,F,EMP_DC,IT,2021,1656.50,
ESTAT:NAMA_10_A10_E(1.0),25/08/22 23:00:00,A,THS_PER,F,EMP_DC,PL,1995,561.60,
ESTAT:NAMA_10_A10_E(1.0),25/08/22 23:00:00,A,THS_PER,F,EMP_DC,PL,1996,644.60,
ESTAT:NAMA_10_A10_E(1.0),25/08/22 23:00:00,A,THS_PER,F,EMP_DC,PL,1997,737.80,
ESTAT:NAMA_10_A10_E(1.0),25/08/22 23:00:00,A,THS_PER,F,EMP_DC,PL,1998,822.40,
ESTAT:NAMA_10_A10_E(1.0),25/08/22 23:00:00,A,THS_PER,F,EMP_DC,PL,1999,805.40,
ESTAT:NAMA_10_A10_E(1.0),25/08/22 23:00:00,A,THS_PER,F,EMP_DC,PL,2000,664.80,
ESTAT:NAMA_10_A10_E(1.0),25/08/22 23:00:00,A,THS_PER,F,EMP_DC,PL,2001,951.20,
ESTAT:NAMA_10_A10_E(1.0),25/08/22 23:00:00,A,THS_PER,F,EMP_DC,PL,2002,845.30,
ESTAT:NAMA_10_A10_E(1.0),25/08/22 23:00:00,A,THS_PER,F,EMP_DC,PL,2003,796.90,
ESTAT:NAMA_10_A10_E(1.0),25/08/22 23:00:00,A,THS_PER,F,EMP_DC,PL,2004,797.40,
ESTAT:NAMA_10_A10_E(1.0),25/08/22 23:00:00,A,THS_PER,F,EMP_DC,PL,2005,839.90,
ESTAT:NAMA_10_A10_E(1.0),25/08/22 23:00:00,A,THS_PER,F,EMP_DC,PL,2006,914.80,
ESTAT:NAMA_10_A10_E(1.0),25/08/22 23:00:00,A,THS_PER,F,EMP_DC,PL,2007,1047.00,
ESTAT:NAMA_10_A10_E(1.0),25/08/22 23:00:00,A,THS_PER,F,EMP_DC,PL,2008,1212.30,
ESTAT:NAMA_10_A10_E(1.0),25/08/22 23:00:00,A,THS_PER,F,EMP_DC,PL,2009,1280.80,
ESTAT:NAMA_10_A10_E(1.0),25/08/22 23:00:00,A,THS_PER,F,EMP_DC,PL,2010,1220.70,b
ESTAT:NAMA_10_A10_E(1.0),25/08/22 23:00:00,A,THS_PER,F,EMP_DC,PL,2011,1246.40,
ESTAT:NAMA_10_A10_E(1.0),25/08/22 23:00:00,A,THS_PER,F,EMP_DC,PL,2012,1211.20,
ESTAT:NAMA_10_A10_E(1.0),25/08/22 23:00:00,A,THS_PER,F,EMP_DC,PL,2013,1144.10,
ESTAT:NAMA_10_A10_E(1.0),25/08/22 23:00:00,A,THS_PER,F,EMP_DC,PL,2014,1134.20,
ESTAT:NAMA_10_A10_E(1.0),25/08/22 23:00:00,A,THS_PER,F,EMP_DC,PL,2015,1156.30,
ESTAT:NAMA_10_A10_E(1.0),25/08/22 23:00:00,A,THS_PER,F,EMP_DC,PL,2016,1170.80,
ESTAT:NAMA_10_A10_E(1.0),25/08/22 23:00:00,A,THS_PER,F,EMP_DC,PL,2017,1169.00,
ESTAT:NAMA_10_A10_E(1.0),25/08/22 23:00:00,A,THS_PER,F,EMP_DC,PL,2018,1198.10,
ESTAT:NAMA_10_A10_E(1.0),25/08/22 23:00:00,A,THS_PER,F,EMP_DC,PL,2019,1257.30,
ESTAT:NAMA_10_A10_E(1.0),25/08/22 23:00:00,A,THS_PER,F,EMP_DC,PL,2020,1273.50,
ESTAT:NAMA_10_A10_E(1.0),25/08/22 23:00:00,A,THS_PER,F,EMP_DC,PL,2021,1288.90,b
ESTAT:NAMA_10_A10_E(1.0),25/08/22 23:00:00,A,THS_PER,F,EMP_DC,UK,1995,1849.43,
ESTAT:NAMA_10_A10_E(1.0),25/08/22 23:00:00,A,THS_PER,F,EMP_DC,UK,1996,1828.03,
ESTAT:NAMA_10_A10_E(1.0),25/08/22 23:00:00,A,THS_PER,F,EMP_DC,UK,1997,1828.63,
ESTAT:NAMA_10_A10_E(1.0),25/08/22 23:00:00,A,THS_PER,F,EMP_DC,UK,1998,1875.08,
ESTAT:NAMA_10_A10_E(1.0),25/08/22 23:00:00,A,THS_PER,F,EMP_DC,UK,1999,1892.22,
ESTAT:NAMA_10_A10_E(1.0),25/08/22 23:00:00,A,THS_PER,F,EMP_DC,UK,2000,1911.71,
ESTAT:NAMA_10_A10_E(1.0),25/08/22 23:00:00,A,THS_PER,F,EMP_DC,UK,2001,1948.22,
ESTAT:NAMA_10_A10_E(1.0),25/08/22 23:00:00,A,THS_PER,F,EMP_DC,UK,2002,1984.29,
ESTAT:NAMA_10_A10_E(1.0),25/08/22 23:00:00,A,THS_PER,F,EMP_DC,UK,2003,2043.90,
ESTAT:NAMA_10_A10_E(1.0),25/08/22 23:00:00,A,THS_PER,F,EMP_DC,UK,2004,2105.37,
ESTAT:NAMA_10_A10_E(1.0),25/08/22 23:00:00,A,THS_PER,F,EMP_DC,UK,2005,2156.91,
ESTAT:NAMA_10_A10_E(1.0),25/08/22 23:00:00,A,THS_PER,F,EMP_DC,UK,2006,2189.35,
ESTAT:NAMA_10_A10_E(1.0),25/08/22 23:00:00,A,THS_PER,F,EMP_DC,UK,2007,2255.84,
ESTAT:NAMA_10_A10_E(1.0),25/08/22 23:00:00,A,THS_PER,F,EMP_DC,UK,2008,2261.39,
ESTAT:NAMA_10_A10_E(1.0),25/08/22 23:00:00,A,THS_PER,F,EMP_DC,UK,2009,2175.42,
ESTAT:NAMA_10_A10_E(1.0),25/08/22 23:00:00,A,THS_PER,F,EMP_DC,UK,2010,2059.34,
ESTAT:NAMA_10_A10_E(1.0),25/08/22 23:00:00,A,THS_PER,F,EMP_DC,UK,2011,2033.38,
ESTAT:NAMA_10_A10_E(1.0),25/08/22 23:00:00,A,THS_PER,F,EMP_DC,UK,2012,2015.91,
ESTAT:NAMA_10_A10_E(1.0),25/08/22 23:00:00,A,THS_PER,F,EMP_DC,UK,2013,2015.65,
ESTAT:NAMA_10_A10_E(1.0),25/08/22 23:00:00,A,THS_PER,F,EMP_DC,UK,2014,2083.11,
ESTAT:NAMA_10_A10_E(1.0),25/08/22 23:00:00,A,THS_PER,F,EMP_DC,UK,2015,2135.73,
ESTAT:NAMA_10_A10_E(1.0),25/08/22 23:00:00,A,THS_PER,F,EMP_DC,UK,2016,2217.60,
ESTAT:NAMA_10_A10_E(1.0),25/08/22 23:00:00,A,THS_PER,F,EMP_DC,UK,2017,2309.57,
ESTAT:NAMA_10_A10_E(1.0),25/08/22 23:00:00,A,THS_PER,F,EMP_DC,UK,2018,2312.83,
ESTAT:NAMA_10_A10_E(1.0),25/08/22 23:00:00,A,THS_PER,F,EMP_DC,UK,2019,2351.25,
